"","Cluster_no","Tweet_ID","Created","User_name","Retweet_count","Original_User"
"553",2,14565,"12-04-2017 07:13","risknsui93",72,"ShashiTharoor"
"554",2,14566,"12-04-2017 07:13","ShashiTharoor",72,"ShashiTharoor"
"552",2,14564,"12-04-2017 07:14","KamalaSethy",72,"ShashiTharoor"
"550",2,14562,"12-04-2017 07:15","T_Buffff",72,"ShashiTharoor"
"551",2,14563,"12-04-2017 07:15","rahul_birohar",72,"ShashiTharoor"
"546",2,14555,"12-04-2017 07:16","azhar2ajju",72,"ShashiTharoor"
"547",2,14557,"12-04-2017 07:16","TharoorBhakt",72,"ShashiTharoor"
"548",2,14559,"12-04-2017 07:16","sisir_pradhan",72,"ShashiTharoor"
"549",2,14560,"12-04-2017 07:16","kurup62",72,"ShashiTharoor"
"544",2,14552,"12-04-2017 07:17","Inshal07",72,"ShashiTharoor"
"545",2,14553,"12-04-2017 07:17","Dheeraj8128",72,"ShashiTharoor"
"542",2,14549,"12-04-2017 07:18","risknsui93",5,"Inshal07"
"543",2,14550,"12-04-2017 07:18","Inshal07",5,"Inshal07"
"541",2,14546,"12-04-2017 07:19","thecontrarian01",72,"ShashiTharoor"
"539",2,14541,"12-04-2017 07:20","saharzaman",72,"ShashiTharoor"
"540",2,14542,"12-04-2017 07:20","samchristyv",72,"ShashiTharoor"
"537",2,14536,"12-04-2017 07:23","SHEKHRBHANKROTA",72,"ShashiTharoor"
"538",2,14537,"12-04-2017 07:23","RahulKajal3",72,"ShashiTharoor"
"536",2,14531,"12-04-2017 07:25","DrSanjeevRajp4",72,"ShashiTharoor"
"535",2,14526,"12-04-2017 07:29","shashank_rekala",5,"Inshal07"
"532",2,14522,"12-04-2017 07:31","princyhere",72,"ShashiTharoor"
"533",2,14524,"12-04-2017 07:31","itsbeingmad",72,"ShashiTharoor"
"534",2,14525,"12-04-2017 07:31","sanjida_iqbal",72,"ShashiTharoor"
"531",2,14516,"12-04-2017 07:36","REVIMSHAN",72,"ShashiTharoor"
"530",2,14513,"12-04-2017 07:42","shaswatcool",72,"ShashiTharoor"
"529",2,14507,"12-04-2017 07:51","KarmveerNSUI",72,"ShashiTharoor"
"527",2,14505,"12-04-2017 07:54","vj_devil007",72,"ShashiTharoor"
"528",2,14506,"12-04-2017 07:54","RufiNighat",72,"ShashiTharoor"
"526",2,14498,"12-04-2017 08:09","rambabumetta2",72,"ShashiTharoor"
"525",2,14496,"12-04-2017 08:12","firozborbhuyan",72,"ShashiTharoor"
"524",2,14485,"12-04-2017 08:29","VivekTivari",72,"ShashiTharoor"
"523",2,14477,"12-04-2017 08:34","himanshu3193",72,"ShashiTharoor"
"521",2,14475,"12-04-2017 08:36","SaveetaSawant",72,"ShashiTharoor"
"522",2,14476,"12-04-2017 08:36","jameelsjam",5,"Inshal07"
"520",2,14469,"12-04-2017 08:42","MonicaDubey",72,"ShashiTharoor"
"519",2,14464,"12-04-2017 08:52","TharoorINCian",72,"ShashiTharoor"
"518",2,14462,"12-04-2017 08:54","kaprathu",72,"ShashiTharoor"
"517",2,14458,"12-04-2017 09:03","jameelsjam",72,"ShashiTharoor"
"516",2,14457,"12-04-2017 09:04","12anjusri",72,"ShashiTharoor"
"515",2,14452,"12-04-2017 09:11","amit30980",5,"Inshal07"
"514",2,14450,"12-04-2017 09:15","ErKuju",72,"ShashiTharoor"
"513",2,14449,"12-04-2017 09:16","SimmiAhuja_",72,"ShashiTharoor"
"512",2,14445,"12-04-2017 09:22","27a41de2a89b454",72,"ShashiTharoor"
"511",2,14440,"12-04-2017 09:26","JayasreeVijayan",72,"ShashiTharoor"
"510",2,14439,"12-04-2017 09:27","mishraambrish06",72,"ShashiTharoor"
"509",2,14430,"12-04-2017 09:42","yeldhow",72,"ShashiTharoor"
"508",2,14428,"12-04-2017 09:48","rzk_ali",72,"ShashiTharoor"
"507",2,14423,"12-04-2017 10:01","omprakash1704",72,"ShashiTharoor"
"506",2,14414,"12-04-2017 10:24","rahulhpyc",72,"ShashiTharoor"
"505",2,14408,"12-04-2017 10:38","iamsmithaa",72,"ShashiTharoor"
"504",2,14404,"12-04-2017 10:45","anuraggarg11",72,"ShashiTharoor"
"503",2,14402,"12-04-2017 10:48","milindshah2006",72,"ShashiTharoor"
"502",2,14397,"12-04-2017 11:00","sarikathapa24",72,"ShashiTharoor"
"501",2,14395,"12-04-2017 11:03","Rameshs37405714",72,"ShashiTharoor"
"500",2,14390,"12-04-2017 11:21","jaipurcongress",72,"ShashiTharoor"
"499",2,14388,"12-04-2017 11:23","pjustinantony",72,"ShashiTharoor"
"498",2,14376,"12-04-2017 11:47","VIMALTV1987",72,"ShashiTharoor"
"497",2,14367,"12-04-2017 12:12","rajendra006",72,"ShashiTharoor"
"496",2,14354,"12-04-2017 12:34","amiteshdubey",72,"ShashiTharoor"
"495",2,14341,"12-04-2017 13:06","SinghiycKundan",72,"ShashiTharoor"
"494",2,14336,"12-04-2017 13:17","husnaziauddin",72,"ShashiTharoor"
"493",2,14329,"12-04-2017 13:23","NaveenKumarKN13",72,"ShashiTharoor"
"492",2,14321,"12-04-2017 13:29","amit30980",72,"ShashiTharoor"
"491",2,14242,"12-04-2017 15:28","SharikINC",72,"ShashiTharoor"
"490",2,14230,"12-04-2017 16:02","sid19952208",72,"ShashiTharoor"
"489",2,14181,"12-04-2017 16:16","c9feb8aefbaa42a",72,"ShashiTharoor"
"488",2,14179,"12-04-2017 16:17","SUBIN27989",72,"ShashiTharoor"
"487",2,14164,"12-04-2017 16:26","Shivam_INC",72,"ShashiTharoor"
"486",2,14145,"12-04-2017 16:49","MeWithRG",72,"ShashiTharoor"
"485",2,14116,"12-04-2017 17:46","shubhamamdhare",72,"ShashiTharoor"
"484",2,13847,"13-04-2017 06:01","aawara_aatma",72,"ShashiTharoor"
"483",2,13842,"13-04-2017 06:11","ZoherMalkapurw2",72,"ShashiTharoor"
"482",2,13838,"13-04-2017 06:16","HemantRitu7",72,"ShashiTharoor"
"481",2,13827,"13-04-2017 06:28","lalla_sharma",5,"Inshal07"
"480",2,13459,"13-04-2017 18:47","ArnabCoaching",72,"ShashiTharoor"
"479",2,13205,"14-04-2017 08:37","rajeevk1949",0,"rajeevk1949"
"477",2,12714,"15-04-2017 10:46","aakruthireddy",0,"aakruthireddy"
"478",2,12715,"15-04-2017 10:46","aakruthireddy",0,"aakruthireddy"
"476",2,12713,"15-04-2017 10:48","AlexMoon43",0,"AlexMoon43"
"475",2,12708,"15-04-2017 11:25","nick123dsouza1",0,"nick123dsouza1"
"474",2,12707,"15-04-2017 11:26","shivash27668993",0,"shivash27668993"
"473",2,12706,"15-04-2017 11:27","ananyapuri77",0,"ananyapuri77"
"472",2,12705,"15-04-2017 11:28","dhanu_jairaj",0,"dhanu_jairaj"
"471",2,12702,"15-04-2017 11:31","karansing5991",0,"karansing5991"
"470",2,12701,"15-04-2017 11:32","NarvekarKhushal",0,"NarvekarKhushal"
"468",2,12697,"15-04-2017 11:33","mleora2017",0,"mleora2017"
"469",2,12698,"15-04-2017 11:33","kalgutkar201",0,"kalgutkar201"
"466",2,12695,"15-04-2017 11:34","mmanishkale2011",0,"mmanishkale2011"
"467",2,12696,"15-04-2017 11:34","omkarrawat20171",0,"omkarrawat20171"
"465",2,12694,"15-04-2017 11:37","misterpeter2017",0,"misterpeter2017"
"464",2,12693,"15-04-2017 11:38","premnatalie89",0,"premnatalie89"
"462",2,12690,"15-04-2017 11:39","prerna762",0,"prerna762"
"463",2,12691,"15-04-2017 11:39","premnat77872313",0,"premnat77872313"
"461",2,12689,"15-04-2017 11:40","rajenda10367639",0,"rajenda10367639"
"460",2,12688,"15-04-2017 11:41","rameshvaidya201",0,"rameshvaidya201"
"458",2,12686,"15-04-2017 11:42","rekeshsingh891",0,"rekeshsingh891"
"459",2,12687,"15-04-2017 11:42","RavinaBajpai",0,"RavinaBajpai"
"457",2,12685,"15-04-2017 11:43","shilpaseth12017",0,"shilpaseth12017"
"455",2,12683,"15-04-2017 11:44","sonakshirao151",0,"sonakshirao151"
"456",2,12684,"15-04-2017 11:44","shilpatiwari122",0,"shilpatiwari122"
"454",2,12682,"15-04-2017 11:45","VenakataVeena",0,"VenakataVeena"
"453",2,12681,"15-04-2017 11:46","vibhore_patel",0,"vibhore_patel"
"452",2,12680,"15-04-2017 11:47","vinayvishwaram2",0,"vinayvishwaram2"
"451",2,12679,"15-04-2017 11:51","yeshuma20171",0,"yeshuma20171"
"424",2,12424,"16-04-2017 01:00","premnat77872313",0,"premnat77872313"
"425",2,12425,"16-04-2017 01:00","RavinaBajpai",0,"RavinaBajpai"
"426",2,12426,"16-04-2017 01:00","prerna762",0,"prerna762"
"427",2,12427,"16-04-2017 01:00","premnatalie89",0,"premnatalie89"
"428",2,12428,"16-04-2017 01:00","rekeshsingh891",0,"rekeshsingh891"
"429",2,12429,"16-04-2017 01:00","sonakshirao151",0,"sonakshirao151"
"430",2,12430,"16-04-2017 01:00","shivash27668993",0,"shivash27668993"
"431",2,12431,"16-04-2017 01:00","shilpaseth12017",0,"shilpaseth12017"
"432",2,12432,"16-04-2017 01:00","aakruthireddy",0,"aakruthireddy"
"433",2,12433,"16-04-2017 01:00","vibhore_patel",0,"vibhore_patel"
"434",2,12434,"16-04-2017 01:00","shilpatiwari122",0,"shilpatiwari122"
"435",2,12435,"16-04-2017 01:00","nick123dsouza1",0,"nick123dsouza1"
"436",2,12436,"16-04-2017 01:00","AlexMoon43",0,"AlexMoon43"
"437",2,12437,"16-04-2017 01:00","jogindarsingh22",0,"jogindarsingh22"
"438",2,12438,"16-04-2017 01:00","karansing5991",0,"karansing5991"
"439",2,12439,"16-04-2017 01:00","mleora2017",0,"mleora2017"
"440",2,12440,"16-04-2017 01:00","kalgutkar201",0,"kalgutkar201"
"441",2,12441,"16-04-2017 01:00","rajenda10367639",0,"rajenda10367639"
"442",2,12442,"16-04-2017 01:00","vinayvishwaram2",0,"vinayvishwaram2"
"443",2,12443,"16-04-2017 01:00","NarvekarKhushal",0,"NarvekarKhushal"
"444",2,12444,"16-04-2017 01:00","awesomeprem2011",0,"awesomeprem2011"
"445",2,12445,"16-04-2017 01:00","VenakataVeena",0,"VenakataVeena"
"446",2,12446,"16-04-2017 01:00","rameshvaidya201",0,"rameshvaidya201"
"447",2,12447,"16-04-2017 01:00","ananyapuri77",0,"ananyapuri77"
"448",2,12448,"16-04-2017 01:00","misterpeter2017",0,"misterpeter2017"
"449",2,12449,"16-04-2017 01:00","omkarrawat20171",0,"omkarrawat20171"
"450",2,12450,"16-04-2017 01:00","dhanu_jairaj",0,"dhanu_jairaj"
"421",2,10236,"17-04-2017 14:00","AlexMoon43",0,"AlexMoon43"
"422",2,10237,"17-04-2017 14:00","jogindarsingh22",0,"jogindarsingh22"
"423",2,10238,"17-04-2017 14:00","karansing5991",0,"karansing5991"
"398",2,10213,"17-04-2017 14:01","mleora2017",0,"mleora2017"
"399",2,10214,"17-04-2017 14:01","rajenda10367639",0,"rajenda10367639"
"400",2,10215,"17-04-2017 14:01","kalgutkar201",0,"kalgutkar201"
"401",2,10216,"17-04-2017 14:01","vinayvishwaram2",0,"vinayvishwaram2"
"402",2,10217,"17-04-2017 14:01","awesomeprem2011",0,"awesomeprem2011"
"403",2,10218,"17-04-2017 14:01","VenakataVeena",0,"VenakataVeena"
"404",2,10219,"17-04-2017 14:01","rameshvaidya201",0,"rameshvaidya201"
"405",2,10220,"17-04-2017 14:01","ananyapuri77",0,"ananyapuri77"
"406",2,10221,"17-04-2017 14:01","misterpeter2017",0,"misterpeter2017"
"407",2,10222,"17-04-2017 14:01","omkarrawat20171",0,"omkarrawat20171"
"408",2,10223,"17-04-2017 14:01","dhanu_jairaj",0,"dhanu_jairaj"
"409",2,10224,"17-04-2017 14:01","RavinaBajpai",0,"RavinaBajpai"
"410",2,10225,"17-04-2017 14:01","premnat77872313",0,"premnat77872313"
"411",2,10226,"17-04-2017 14:01","prerna762",0,"prerna762"
"412",2,10227,"17-04-2017 14:01","rekeshsingh891",0,"rekeshsingh891"
"413",2,10228,"17-04-2017 14:01","sonakshirao151",0,"sonakshirao151"
"414",2,10229,"17-04-2017 14:01","shivash27668993",0,"shivash27668993"
"415",2,10230,"17-04-2017 14:01","shilpaseth12017",0,"shilpaseth12017"
"416",2,10231,"17-04-2017 14:01","aakruthireddy",0,"aakruthireddy"
"417",2,10232,"17-04-2017 14:01","vibhore_patel",0,"vibhore_patel"
"418",2,10233,"17-04-2017 14:01","shilpatiwari122",0,"shilpatiwari122"
"419",2,10234,"17-04-2017 14:01","nick123dsouza1",0,"nick123dsouza1"
"420",2,10235,"17-04-2017 14:01","mmanishkale2011",0,"mmanishkale2011"
"370",2,9612,"18-04-2017 14:30","rekeshsingh891",0,"rekeshsingh891"
"371",2,9613,"18-04-2017 14:30","sonakshirao151",0,"sonakshirao151"
"372",2,9614,"18-04-2017 14:30","shivash27668993",0,"shivash27668993"
"373",2,9615,"18-04-2017 14:30","shilpaseth12017",0,"shilpaseth12017"
"374",2,9616,"18-04-2017 14:30","aakruthireddy",0,"aakruthireddy"
"375",2,9617,"18-04-2017 14:30","vibhore_patel",0,"vibhore_patel"
"376",2,9618,"18-04-2017 14:30","shilpatiwari122",0,"shilpatiwari122"
"377",2,9619,"18-04-2017 14:30","nick123dsouza1",0,"nick123dsouza1"
"378",2,9620,"18-04-2017 14:30","mmanishkale2011",0,"mmanishkale2011"
"379",2,9621,"18-04-2017 14:30","AlexMoon43",0,"AlexMoon43"
"380",2,9622,"18-04-2017 14:30","jogindarsingh22",0,"jogindarsingh22"
"381",2,9623,"18-04-2017 14:30","karansing5991",0,"karansing5991"
"382",2,9624,"18-04-2017 14:30","mleora2017",0,"mleora2017"
"383",2,9625,"18-04-2017 14:30","kalgutkar201",0,"kalgutkar201"
"384",2,9626,"18-04-2017 14:30","rajenda10367639",0,"rajenda10367639"
"385",2,9628,"18-04-2017 14:30","vinayvishwaram2",0,"vinayvishwaram2"
"386",2,9629,"18-04-2017 14:30","NarvekarKhushal",0,"NarvekarKhushal"
"387",2,9630,"18-04-2017 14:30","awesomeprem2011",0,"awesomeprem2011"
"388",2,9631,"18-04-2017 14:30","VenakataVeena",0,"VenakataVeena"
"389",2,9632,"18-04-2017 14:30","rameshvaidya201",0,"rameshvaidya201"
"390",2,9633,"18-04-2017 14:30","ananyapuri77",0,"ananyapuri77"
"391",2,9634,"18-04-2017 14:30","misterpeter2017",0,"misterpeter2017"
"392",2,9635,"18-04-2017 14:30","omkarrawat20171",0,"omkarrawat20171"
"393",2,9636,"18-04-2017 14:30","dhanu_jairaj",0,"dhanu_jairaj"
"394",2,9637,"18-04-2017 14:30","RavinaBajpai",0,"RavinaBajpai"
"395",2,9638,"18-04-2017 14:30","premnat77872313",0,"premnat77872313"
"396",2,9639,"18-04-2017 14:30","prerna762",0,"prerna762"
"397",2,9640,"18-04-2017 14:30","premnatalie89",0,"premnatalie89"
"343",2,9005,"19-04-2017 17:25","aakruthireddy",0,"aakruthireddy"
"344",2,9006,"19-04-2017 17:25","shilpatiwari122",0,"shilpatiwari122"
"345",2,9007,"19-04-2017 17:25","vibhore_patel",0,"vibhore_patel"
"346",2,9008,"19-04-2017 17:25","nick123dsouza1",0,"nick123dsouza1"
"347",2,9009,"19-04-2017 17:25","mmanishkale2011",0,"mmanishkale2011"
"348",2,9010,"19-04-2017 17:25","AlexMoon43",0,"AlexMoon43"
"349",2,9011,"19-04-2017 17:25","jogindarsingh22",0,"jogindarsingh22"
"350",2,9012,"19-04-2017 17:25","karansing5991",0,"karansing5991"
"351",2,9013,"19-04-2017 17:25","mleora2017",0,"mleora2017"
"352",2,9014,"19-04-2017 17:25","kalgutkar201",0,"kalgutkar201"
"353",2,9015,"19-04-2017 17:25","rajenda10367639",0,"rajenda10367639"
"354",2,9016,"19-04-2017 17:25","vinayvishwaram2",0,"vinayvishwaram2"
"355",2,9017,"19-04-2017 17:25","VenakataVeena",0,"VenakataVeena"
"356",2,9018,"19-04-2017 17:25","awesomeprem2011",0,"awesomeprem2011"
"357",2,9019,"19-04-2017 17:25","rameshvaidya201",0,"rameshvaidya201"
"358",2,9020,"19-04-2017 17:25","ananyapuri77",0,"ananyapuri77"
"359",2,9021,"19-04-2017 17:25","misterpeter2017",0,"misterpeter2017"
"360",2,9022,"19-04-2017 17:25","omkarrawat20171",0,"omkarrawat20171"
"361",2,9023,"19-04-2017 17:25","dhanu_jairaj",0,"dhanu_jairaj"
"362",2,9024,"19-04-2017 17:25","RavinaBajpai",0,"RavinaBajpai"
"363",2,9025,"19-04-2017 17:25","premnat77872313",0,"premnat77872313"
"364",2,9026,"19-04-2017 17:25","prerna762",0,"prerna762"
"365",2,9027,"19-04-2017 17:25","premnatalie89",0,"premnatalie89"
"366",2,9028,"19-04-2017 17:25","rekeshsingh891",0,"rekeshsingh891"
"367",2,9029,"19-04-2017 17:25","sonakshirao151",0,"sonakshirao151"
"368",2,9030,"19-04-2017 17:25","shivash27668993",0,"shivash27668993"
"369",2,9031,"19-04-2017 17:25","shilpaseth12017",0,"shilpaseth12017"
"342",2,8724,"20-04-2017 14:17","anu141",0,"anu141"
"337",2,8669,"20-04-2017 16:35","AcmatixJoshi",203,"5Forty3"
"338",2,8670,"20-04-2017 16:35","SundeepKPal",203,"5Forty3"
"339",2,8671,"20-04-2017 16:35","NischelBaxi",203,"5Forty3"
"340",2,8672,"20-04-2017 16:35","kaliahimanshu",203,"5Forty3"
"341",2,8673,"20-04-2017 16:35","5Forty3",203,"5Forty3"
"334",2,8665,"20-04-2017 16:36","rishabh_arya95",203,"5Forty3"
"335",2,8666,"20-04-2017 16:36","Parantapaa",203,"5Forty3"
"336",2,8667,"20-04-2017 16:36","mahanteshneel",203,"5Forty3"
"330",2,8661,"20-04-2017 16:37","aggarwaltc",203,"5Forty3"
"331",2,8662,"20-04-2017 16:37","harishkrcr",203,"5Forty3"
"332",2,8663,"20-04-2017 16:37","ShaleenJain5",203,"5Forty3"
"333",2,8664,"20-04-2017 16:37","kristanjore",203,"5Forty3"
"326",2,8657,"20-04-2017 16:38","krbajithkumar",203,"5Forty3"
"327",2,8658,"20-04-2017 16:38","_ashim__",203,"5Forty3"
"328",2,8659,"20-04-2017 16:38","BeingKDR",203,"5Forty3"
"329",2,8660,"20-04-2017 16:38","VidyutMShah",0,"VidyutMShah"
"322",2,8653,"20-04-2017 16:39","narendramodirss",203,"5Forty3"
"323",2,8654,"20-04-2017 16:39","gdchh",203,"5Forty3"
"324",2,8655,"20-04-2017 16:39","ramanmehta77",203,"5Forty3"
"325",2,8656,"20-04-2017 16:39","_Flamboyant_",203,"5Forty3"
"317",2,8648,"20-04-2017 16:40","rohitagarwal86",203,"5Forty3"
"318",2,8649,"20-04-2017 16:40","ipratikshukla",203,"5Forty3"
"319",2,8650,"20-04-2017 16:40","ModiNaama",203,"5Forty3"
"320",2,8651,"20-04-2017 16:40","bigmouthspeaks",203,"5Forty3"
"321",2,8652,"20-04-2017 16:40","madhav9nath1",203,"5Forty3"
"312",2,8643,"20-04-2017 16:41","karthiks_india",203,"5Forty3"
"313",2,8644,"20-04-2017 16:41","kaushkrahul",203,"5Forty3"
"314",2,8645,"20-04-2017 16:41","Virus4Congress",203,"5Forty3"
"315",2,8646,"20-04-2017 16:41","AyamAtmaBrahm",203,"5Forty3"
"316",2,8647,"20-04-2017 16:41","patnaikt",203,"5Forty3"
"308",2,8638,"20-04-2017 16:43","ramrenuv",203,"5Forty3"
"309",2,8639,"20-04-2017 16:43","BlackPantherUI",203,"5Forty3"
"310",2,8640,"20-04-2017 16:43","savitha_rao",203,"5Forty3"
"311",2,8641,"20-04-2017 16:43","ashishvr1",203,"5Forty3"
"305",2,8635,"20-04-2017 16:44","patange_sunil",203,"5Forty3"
"306",2,8636,"20-04-2017 16:44","Indianempire",203,"5Forty3"
"307",2,8637,"20-04-2017 16:44","ORGAQUIQ",203,"5Forty3"
"301",2,8631,"20-04-2017 16:45","silentkill_004",203,"5Forty3"
"302",2,8632,"20-04-2017 16:45","rmdrao",203,"5Forty3"
"303",2,8633,"20-04-2017 16:45","saiprasadreddyd",203,"5Forty3"
"304",2,8634,"20-04-2017 16:45","go2sreenu",203,"5Forty3"
"298",2,8628,"20-04-2017 16:46","LalithKris",203,"5Forty3"
"299",2,8629,"20-04-2017 16:46","Bhartiyalist",203,"5Forty3"
"300",2,8630,"20-04-2017 16:46","arorasid",203,"5Forty3"
"294",2,8624,"20-04-2017 16:47","AkbariPa72",203,"5Forty3"
"295",2,8625,"20-04-2017 16:47","AravndKr",203,"5Forty3"
"296",2,8626,"20-04-2017 16:47","udyan123",203,"5Forty3"
"297",2,8627,"20-04-2017 16:47","DelhiMuse",203,"5Forty3"
"290",2,8619,"20-04-2017 16:48","lalithseetharam",203,"5Forty3"
"291",2,8621,"20-04-2017 16:48","SumitBajoria",203,"5Forty3"
"292",2,8622,"20-04-2017 16:48","AtulMohan2",203,"5Forty3"
"293",2,8623,"20-04-2017 16:48","mehul_2506",203,"5Forty3"
"288",2,8616,"20-04-2017 16:49","raviteja4uuu",203,"5Forty3"
"289",2,8617,"20-04-2017 16:49","votenowIndia",203,"5Forty3"
"286",2,8614,"20-04-2017 16:51","dhruvbhim",203,"5Forty3"
"287",2,8615,"20-04-2017 16:51","shekar21",203,"5Forty3"
"285",2,8612,"20-04-2017 16:53","sanil_manaktala",203,"5Forty3"
"282",2,8608,"20-04-2017 16:55","desh_bhkt",203,"5Forty3"
"283",2,8609,"20-04-2017 16:55","mriganka_t",203,"5Forty3"
"284",2,8610,"20-04-2017 16:55","Koustubh1",203,"5Forty3"
"281",2,8606,"20-04-2017 16:57","MihirkJha",203,"5Forty3"
"279",2,8604,"20-04-2017 16:58","nishantktr",203,"5Forty3"
"280",2,8605,"20-04-2017 16:58","rajneesh_saini",203,"5Forty3"
"278",2,8603,"20-04-2017 16:59","AkhaiP",203,"5Forty3"
"274",2,8599,"20-04-2017 17:01","MShravank",203,"5Forty3"
"275",2,8600,"20-04-2017 17:01","sadhuvaad",203,"5Forty3"
"276",2,8601,"20-04-2017 17:01","rdx_ravindra",203,"5Forty3"
"277",2,8602,"20-04-2017 17:01","ntsocool1",203,"5Forty3"
"272",2,8597,"20-04-2017 17:03","saumitra_j",203,"5Forty3"
"273",2,8598,"20-04-2017 17:03","bonhomy",203,"5Forty3"
"270",2,8594,"20-04-2017 17:04","ImMiHiR_45",203,"5Forty3"
"271",2,8595,"20-04-2017 17:04","koolso",203,"5Forty3"
"268",2,8591,"20-04-2017 17:05","bdonovan463",203,"5Forty3"
"269",2,8592,"20-04-2017 17:05","DrAVarma",203,"5Forty3"
"267",2,8582,"20-04-2017 17:07","tishtriya",203,"5Forty3"
"265",2,8574,"20-04-2017 17:08","bhavesh_ambekar",203,"5Forty3"
"266",2,8578,"20-04-2017 17:08","iManishJ",203,"5Forty3"
"263",2,8570,"20-04-2017 17:09","rsrirams",203,"5Forty3"
"264",2,8571,"20-04-2017 17:09","JaidevJamwal",203,"5Forty3"
"262",2,8566,"20-04-2017 17:10","GetRidofDevils",203,"5Forty3"
"261",2,8564,"20-04-2017 17:12","Smarty_in",203,"5Forty3"
"260",2,8561,"20-04-2017 17:13","singpraveer",203,"5Forty3"
"259",2,8558,"20-04-2017 17:16","nareshdixit82",203,"5Forty3"
"257",2,8553,"20-04-2017 17:17","vinodshadija",203,"5Forty3"
"258",2,8556,"20-04-2017 17:17","WhosTruthAnyway",203,"5Forty3"
"256",2,8550,"20-04-2017 17:19","vardanatulshah",203,"5Forty3"
"254",2,8546,"20-04-2017 17:20","ArunLinux",203,"5Forty3"
"255",2,8547,"20-04-2017 17:20","MyLoveNamo",203,"5Forty3"
"253",2,8542,"20-04-2017 17:23","Bharatpatel555",203,"5Forty3"
"251",2,8538,"20-04-2017 17:25","BDash88",203,"5Forty3"
"252",2,8540,"20-04-2017 17:25","Racervin",203,"5Forty3"
"250",2,8536,"20-04-2017 17:26","harisinhbarad",203,"5Forty3"
"249",2,8535,"20-04-2017 17:27","NitinKapoor2020",203,"5Forty3"
"248",2,8533,"20-04-2017 17:28","DebDip00",203,"5Forty3"
"245",2,8523,"20-04-2017 17:30","Pkunk_",203,"5Forty3"
"246",2,8526,"20-04-2017 17:30","NdSolanki",203,"5Forty3"
"247",2,8528,"20-04-2017 17:30","meetrosh1",203,"5Forty3"
"243",2,8516,"20-04-2017 17:32","anunayiitb",203,"5Forty3"
"244",2,8519,"20-04-2017 17:32","ghosh121",203,"5Forty3"
"241",2,8513,"20-04-2017 17:33","gauravsuman2",203,"5Forty3"
"242",2,8515,"20-04-2017 17:33","RRkchand",203,"5Forty3"
"240",2,8511,"20-04-2017 17:34","KamleshLahoti",203,"5Forty3"
"239",2,8510,"20-04-2017 17:35","sanju859",203,"5Forty3"
"238",2,8508,"20-04-2017 17:38","jainamit81",203,"5Forty3"
"237",2,8506,"20-04-2017 17:39","shamil_shah",203,"5Forty3"
"236",2,8504,"20-04-2017 17:42","aditya5bahl",203,"5Forty3"
"235",2,8502,"20-04-2017 17:43","vaibhavg10",203,"5Forty3"
"234",2,8497,"20-04-2017 17:46","AjEeTj_20",203,"5Forty3"
"233",2,8495,"20-04-2017 17:47","Jaymin_37",203,"5Forty3"
"231",2,8492,"20-04-2017 17:52","iAshvinSavaliya",203,"5Forty3"
"232",2,8493,"20-04-2017 17:52","mahendrachjoshi",203,"5Forty3"
"230",2,8491,"20-04-2017 17:55","abhi_cali",203,"5Forty3"
"229",2,8487,"20-04-2017 17:59","ChweeneyTodd",203,"5Forty3"
"228",2,8483,"20-04-2017 18:06","_Sayta",203,"5Forty3"
"227",2,8481,"20-04-2017 18:10","vibhaas10",203,"5Forty3"
"226",2,8480,"20-04-2017 18:15","basuhan9",203,"5Forty3"
"225",2,8479,"20-04-2017 18:18","Anoopmenon9",203,"5Forty3"
"224",2,8474,"20-04-2017 18:22","r_bhambri",203,"5Forty3"
"222",2,8470,"20-04-2017 18:24","balamenon",203,"5Forty3"
"223",2,8473,"20-04-2017 18:24","chilkoti2",203,"5Forty3"
"221",2,8465,"20-04-2017 18:35","soodmonk",203,"5Forty3"
"220",2,8463,"20-04-2017 18:39","rsvasudevan",203,"5Forty3"
"219",2,8461,"20-04-2017 18:46","BerryMiraculous",203,"5Forty3"
"218",2,8459,"20-04-2017 18:48","nitin_dembla",203,"5Forty3"
"217",2,8456,"20-04-2017 18:53","djgoodlook",203,"5Forty3"
"216",2,8455,"20-04-2017 19:01","neelang_dave",203,"5Forty3"
"215",2,8453,"20-04-2017 19:03","drsreerajvs",203,"5Forty3"
"214",2,8452,"20-04-2017 19:04","karanrajan",203,"5Forty3"
"213",2,8449,"20-04-2017 19:07","Chandan29071985",203,"5Forty3"
"212",2,8448,"20-04-2017 19:12","rajeevdash",203,"5Forty3"
"211",2,8446,"20-04-2017 19:18","pritesh_kukadia",203,"5Forty3"
"210",2,8445,"20-04-2017 19:22","ravsd88",203,"5Forty3"
"209",2,8440,"20-04-2017 19:41","desitechy",203,"5Forty3"
"208",2,8438,"20-04-2017 19:49","MandarSawant184",203,"5Forty3"
"207",2,8436,"20-04-2017 19:52","nshroff",203,"5Forty3"
"206",2,8435,"20-04-2017 19:57","Amaradma",203,"5Forty3"
"205",2,8433,"20-04-2017 20:08","rebelious230",203,"5Forty3"
"204",2,8431,"20-04-2017 20:18","0807ankit",203,"5Forty3"
"203",2,8427,"20-04-2017 21:13","bleedsaffron_",203,"5Forty3"
"202",2,8425,"20-04-2017 21:14","vbnairmumbai",203,"5Forty3"
"201",2,8424,"20-04-2017 21:42","surendaradla",203,"5Forty3"
"200",2,8420,"20-04-2017 21:47","Udaybjplotus",203,"5Forty3"
"198",2,8416,"20-04-2017 22:02","vipulIT",203,"5Forty3"
"199",2,8417,"20-04-2017 22:02","Shuddhadesi",203,"5Forty3"
"197",2,8415,"20-04-2017 22:12","LibraRulz",203,"5Forty3"
"196",2,8414,"20-04-2017 22:18","dhanuka_vikas",203,"5Forty3"
"195",2,8413,"20-04-2017 22:23","NZSuresh",203,"5Forty3"
"194",2,8412,"20-04-2017 22:30","Rishi_sri_29",203,"5Forty3"
"193",2,8408,"20-04-2017 23:15","Bhavadasnkm",203,"5Forty3"
"192",2,8405,"20-04-2017 23:28","Nava_Hindutva",203,"5Forty3"
"191",2,8402,"21-04-2017 00:11","2ankitparmar",203,"5Forty3"
"190",2,8400,"21-04-2017 00:17","KishoreGGK",203,"5Forty3"
"189",2,8399,"21-04-2017 00:33","MJayEX",203,"5Forty3"
"188",2,8397,"21-04-2017 00:36","TolerantDesii",203,"5Forty3"
"187",2,8395,"21-04-2017 00:50","iyernbk",203,"5Forty3"
"186",2,8391,"21-04-2017 01:16","robinvarshney",203,"5Forty3"
"185",2,8390,"21-04-2017 01:21","muki_jain",203,"5Forty3"
"184",2,8389,"21-04-2017 01:23","SupremeHarish",203,"5Forty3"
"183",2,8385,"21-04-2017 01:32","BedantaDutta5",203,"5Forty3"
"182",2,8384,"21-04-2017 01:37","LastBench_",203,"5Forty3"
"181",2,8380,"21-04-2017 01:50","monk_razr",203,"5Forty3"
"180",2,8376,"21-04-2017 01:56","NaMoRulzz",203,"5Forty3"
"179",2,8370,"21-04-2017 02:11","ravichilakala",203,"5Forty3"
"178",2,8368,"21-04-2017 02:14","nanjeesha",203,"5Forty3"
"177",2,8366,"21-04-2017 02:15","lamestest",203,"5Forty3"
"176",2,8363,"21-04-2017 02:19","GanapathyI",203,"5Forty3"
"175",2,8361,"21-04-2017 02:23","GJ12ANKIT",203,"5Forty3"
"174",2,8355,"21-04-2017 02:39","AnondoMotth",203,"5Forty3"
"172",2,8351,"21-04-2017 02:44","GyanMarao",203,"5Forty3"
"173",2,8352,"21-04-2017 02:44","India_somnath",203,"5Forty3"
"171",2,8347,"21-04-2017 02:51","MaverickLG",203,"5Forty3"
"170",2,8345,"21-04-2017 03:01","vaayumitra",203,"5Forty3"
"169",2,8343,"21-04-2017 03:08","ls2008",203,"5Forty3"
"168",2,8341,"21-04-2017 03:10","Thiru_0914",203,"5Forty3"
"167",2,8336,"21-04-2017 03:20","Arunabh_ch",203,"5Forty3"
"166",2,8330,"21-04-2017 03:26","retweetkrengeab",203,"5Forty3"
"165",2,8328,"21-04-2017 03:28","4BHI9",203,"5Forty3"
"164",2,8325,"21-04-2017 03:32","vanderlust",203,"5Forty3"
"163",2,8323,"21-04-2017 03:46","abhishe26342097",203,"5Forty3"
"162",2,8322,"21-04-2017 03:49","vibhute_atharv",203,"5Forty3"
"161",2,8314,"21-04-2017 04:06","sanjay3356",203,"5Forty3"
"160",2,8296,"21-04-2017 04:52","sanjay_rai",203,"5Forty3"
"159",2,8289,"21-04-2017 05:16","Point_Blanc79",203,"5Forty3"
"158",2,8284,"21-04-2017 05:24","rmadhavan91",203,"5Forty3"
"157",2,8274,"21-04-2017 05:49","maruharish",203,"5Forty3"
"156",2,8220,"21-04-2017 07:39","malapatiraja",203,"5Forty3"
"155",2,8198,"21-04-2017 09:03","AmitaMisra",203,"5Forty3"
"154",2,8106,"21-04-2017 12:52","Dev_cmehta",203,"5Forty3"
"153",2,8053,"21-04-2017 14:56","balabr",203,"5Forty3"
"152",2,8047,"21-04-2017 15:17","lokkku",203,"5Forty3"
"151",2,7943,"22-11-2016 11:05","Krrisshna",31,"Shr3yanshS"
"150",2,7837,"22-11-2016 11:24","vasuht",31,"Shr3yanshS"
"149",2,7366,"22-11-2016 12:42","ana9mika",31,"Shr3yanshS"
"148",2,5355,"22-11-2016 20:30","aranca",0,"aranca"
